<?xml version="1.0" encoding="UTF-8"?><!DOCTYPE config SYSTEM "custom-config.dtd"><config><element type="dataSource" subType="JDBC" draft="false"/><default-parameters><simple-param name="name"><value>ds_audit_table</value></simple-param><simple-param name="login"><value>user3</value></simple-param><simple-param name="password" encrypted="true"><value>Te5WueIpUjWhRyl0CpqP5bq9CuOd3iZmqUxQQcaNv8EhE6T2mqGEHk+oO06FD8aCbePPjaOYwRbPAVf05Hd5AZzPEfuWctHzAzhOAiLYPPgVoKZ5c4j/jLyv1r+tOtpb</value></simple-param><simple-param name="poolEnabled"><value>true</value></simple-param><simple-param name="poolInitSize"><value>0</value></simple-param><simple-param name="poolMaxActive"><value>30</value></simple-param><simple-param name="poolMaxWait"><value>-1</value></simple-param><simple-param name="poolMaxIdle"><value>20</value></simple-param><simple-param name="poolMinIdle"><value>0</value></simple-param><simple-param name="poolExhaustedAction"><value>1</value></simple-param><simple-param name="poolTestOnBorrow"><value>false</value></simple-param><simple-param name="poolTestOnReturn"><value>false</value></simple-param><simple-param name="poolTestWhileIdle"><value>false</value></simple-param><simple-param name="poolTimeBetweenEviction"><value>-1</value></simple-param><simple-param name="poolNumTestPerEviction"><value>3</value></simple-param><simple-param name="poolMinEvidectableTime"><value>1800000</value></simple-param><simple-param name="poolPreparedStatements"><value>false</value></simple-param><simple-param name="poolMaxSleepingPreparedStatements"><value>8</value></simple-param><simple-param name="poolInitialCapacityPreparedStatements"><value>4</value></simple-param><simple-param name="poolMaxWaitValidationQuery"><value>0</value></simple-param><simple-param name="dbAdapter"><value>Microsoft SQL Server 2017 (MS Driver)</value></simple-param><simple-param name="driverClassName"><value>com.microsoft.sqlserver.jdbc.SQLServerDriver</value></simple-param><simple-param name="classpath"><value>mssql-jdbc-7.x</value></simple-param><simple-param name="connectionURI"><value>jdbc:sqlserver://localhost:1433;databaseName=master;encrypt=false</value></simple-param></default-parameters></config>