<?xml version="1.0" encoding="UTF-8"?><!DOCTYPE config SYSTEM "custom-config.dtd"><config><element type="job" subType="VDP" draft="false"/><default-parameters><simple-param name="name"><value>job_export_folders</value></simple-param><simple-param name="dataSource"><value>vdp_8_source</value></simple-param><simple-param name="parameterizedQuery"><value>select (&apos;CREATE OR REPLACE DATABASE &apos; ||database_name||&apos;;&apos;||&apos;connect database &apos;||database_name ||&apos;; &apos; ||&apos;create or replace folder &apos;&apos;/&apos; || name || &apos;&apos;&apos;;&apos;) as vname from get_elements() join vdb_promotion_automation.bv_audit_table a where last_modification_date &gt;= date_values and flag = &apos;Y&apos; and type = &apos;folder&apos; and database_name not in (&apos;vdb_promotion_automation&apos;);</value></simple-param><simple-param name="sourcesNotChange"><value>true</value></simple-param><simple-param name="exportAsTransaction"><value>false</value></simple-param><compound-param name="processor"><value><compound-param name="exporter"><value><simple-param name="fileName"><value>auto_generated_vql.vql</value></simple-param><simple-param name="encoding"><value>UTF-8</value></simple-param><simple-param name="overwriteFile"><value>true</value></simple-param><simple-param name="appendFile"><value>false</value></simple-param><simple-param name="allowEmptyFile"><value>false</value></simple-param><simple-param name="exportInternalFields"><value>false</value></simple-param><simple-param name="exportOnlyMappings"><value>false</value></simple-param><simple-param name="filter"><value>NONE</value></simple-param><simple-param name="encryptionPassword" encrypted="true"><value>+aYGT0otdwSio3TdJdBGOF7JSqBYQ75KwGRTCQeFRzaJrjNz7FzlFoU8DBvTlKTk35umz5H4Lw8FyMyE7P105JcRL7o4oNF69Sfoh9F1op9dS42F7WRqYjG+fBEUJokN</value></simple-param><simple-param name="zipPassword" encrypted="true"><value>v04gcc7EhBEtvO40aUxuMByShq3Evr5oPWVrlw2rk91l7yRa46yaIhANKdJvk1iqr5GQSvnY2/s9uFM7vt3w0SNRAv5tIyS4wUTajwclv9a3boAiUWxlBJOumpu+1gEi</value></simple-param><simple-param name="separator"><value>\n</value></simple-param><simple-param name="includeHeader"><value>false</value></simple-param><simple-param name="quoteAllFields"><value>false</value></simple-param><simple-param name="quoteFieldsOption"><value>NEVER</value></simple-param><simple-param name="type"><value>CSV</value></simple-param></value></compound-param></value></compound-param><compound-param name="reportConfig"><value><simple-param name="maxIndividualReports"><value>100</value></simple-param><simple-param name="reportOnlyErrors"><value>true</value></simple-param></value></compound-param></default-parameters></config>