<?xml version="1.0" encoding="UTF-8"?><!DOCTYPE config SYSTEM "custom-config.dtd"><config><element type="job" subType="VDP" draft="false"/><default-parameters><simple-param name="name"><value>job_deploy_revision</value></simple-param><simple-param name="dataSource"><value>vdp_8_source</value></simple-param><compound-param name="fields"><value><compound-param name="field"><value><simple-param name="queryParamName"><value>rev_id</value></simple-param><simple-param name="sourceParamName"><value>id</value></simple-param></value></compound-param><compound-param name="source"><value><simple-param name="nonParameterizedQuery"><value>select jsonpath(\&quot;executionresult_0\&quot;, &apos;$.id&apos;) as id from vdb_promotion_automation.bv_ssh_shell_script_executor;</value></simple-param><simple-param name="dataSource"><value>vdp_8_source</value></simple-param><simple-param name="type"><value>database</value></simple-param></value></compound-param></value></compound-param><simple-param name="parameterizedQuery"><value>select * from vdb_promotion_automation.bv_rest_api_to_deploy_revision where \&quot;id\&quot;= @rev_id</value></simple-param><simple-param name="sourcesNotChange"><value>true</value></simple-param><simple-param name="exportAsTransaction"><value>false</value></simple-param><compound-param name="trigger"><value><simple-param name="type"><value>cron</value></simple-param><simple-param name="cronExpression"><value>0 0 0 * * ? 2027</value></simple-param><compound-param name="dependency"><value><simple-param name="jobId"><value>job_disable_compatibility_mode</value></simple-param><simple-param name="executeAnyway"><value>false</value></simple-param></value></compound-param></value></compound-param><compound-param name="reportConfig"><value><simple-param name="maxIndividualReports"><value>100</value></simple-param><simple-param name="reportOnlyErrors"><value>true</value></simple-param></value></compound-param></default-parameters></config>