<?xml version="1.0" encoding="UTF-8"?><!DOCTYPE config SYSTEM "custom-config.dtd"><config><element type="job" subType="VDP" draft="false"/><default-parameters><simple-param name="name"><value>job_disable_compatibility_mode</value></simple-param><simple-param name="dataSource"><value>vdp_8_source</value></simple-param><simple-param name="parameterizedQuery"><value>SET &apos;com.denodo.exportMigrationCompatibility&apos; = &apos;FALSE&apos;;</value></simple-param><simple-param name="sourcesNotChange"><value>true</value></simple-param><simple-param name="exportAsTransaction"><value>false</value></simple-param><compound-param name="trigger"><value><simple-param name="type"><value>cron</value></simple-param><simple-param name="cronExpression"><value>0 0 0 * * ? 2030</value></simple-param><compound-param name="dependency"><value><simple-param name="jobId"><value>job_desc_vql</value></simple-param><simple-param name="executeAnyway"><value>false</value></simple-param></value></compound-param></value></compound-param><compound-param name="reportConfig"><value><simple-param name="maxIndividualReports"><value>100</value></simple-param><simple-param name="reportOnlyErrors"><value>true</value></simple-param></value></compound-param></default-parameters></config>