<?xml version="1.0" encoding="UTF-8"?><!DOCTYPE config SYSTEM "custom-config.dtd"><config><element type="job" subType="VDP" draft="false"/><default-parameters><simple-param name="name"><value>job_insert_latest_entry</value></simple-param><simple-param name="dataSource"><value>vdp_8_source</value></simple-param><simple-param name="parameterizedQuery"><value>select now() as val, &apos;Y&apos; as flag</value></simple-param><simple-param name="sourcesNotChange"><value>true</value></simple-param><simple-param name="exportAsTransaction"><value>false</value></simple-param><compound-param name="processor"><value><compound-param name="exporter"><value><simple-param name="dataSource"><value>ds_audit_table</value></simple-param><simple-param name="catalog"><value>master</value></simple-param><simple-param name="schema"><value>dbo</value></simple-param><simple-param name="table"><value>audit_table</value></simple-param><simple-param name="oneTransaction"><value>true</value></simple-param><simple-param name="rollbackIfError"><value>true</value></simple-param><simple-param name="deleteTableContent"><value>false</value></simple-param><simple-param name="updateTupleIfExists"><value>false</value></simple-param><simple-param name="batchSize"><value>200</value></simple-param><simple-param name="exportInternalFields"><value>false</value></simple-param><simple-param name="exportOnlyMappings"><value>false</value></simple-param><compound-param name="mappings"><value><simple-param name="tableColumn"><value>date_values</value></simple-param><simple-param name="documentField"><value>val</value></simple-param></value><value><simple-param name="tableColumn"><value>flag</value></simple-param><simple-param name="documentField"><value>flag</value></simple-param></value></compound-param><simple-param name="type"><value>JDBC</value></simple-param></value></compound-param></value></compound-param><compound-param name="trigger"><value><simple-param name="type"><value>cron</value></simple-param><simple-param name="cronExpression"><value>0 0 0 * * ? 2028</value></simple-param><compound-param name="dependency"><value><simple-param name="jobId"><value>job_update_audit_table</value></simple-param><simple-param name="executeAnyway"><value>false</value></simple-param></value></compound-param></value></compound-param><compound-param name="reportConfig"><value><simple-param name="maxIndividualReports"><value>100</value></simple-param><simple-param name="reportOnlyErrors"><value>true</value></simple-param></value></compound-param></default-parameters></config>