<?xml version="1.0" encoding="UTF-8"?><!DOCTYPE config SYSTEM "custom-config.dtd"><config><element type="dataSource" subType="ARN-Index" draft="false"/><default-parameters><simple-param name="name"><value>Scheduler-Index</value></simple-param><simple-param name="host"><value>localhost</value></simple-param><simple-param name="port"><value>9000</value></simple-param><simple-param name="login"><value>admin</value></simple-param><simple-param name="password" encrypted="true"><value>2UneBJfV8lLkVV6NjFnd/xcdSaIl+sJa5eBUOHurlnGocwEb35ffN4Qysa1J4Yf/Q23qsRJ7GMSlZGc4H9KyoKe0mX4kLYEnx9d9HQVcHS6OCULwsTakn3r667xFZ1ty</value></simple-param></default-parameters></config>