<?xml version="1.0" encoding="UTF-8"?><!DOCTYPE config SYSTEM "custom-config.dtd"><config><element type="job" subType="VDP" draft="false"/><default-parameters><simple-param name="name"><value>job_desc_vql</value></simple-param><simple-param name="dataSource"><value>vdp_8_source</value></simple-param><compound-param name="fields"><value><compound-param name="field"><value><simple-param name="queryParamName"><value>view</value></simple-param><simple-param name="sourceParamName"><value>vname</value></simple-param></value></compound-param><compound-param name="source"><value><simple-param name="nonParameterizedQuery"><value>select  group_concat(&apos;,&apos;,((case when (type = &apos;storedProcedure&apos;) then &apos;procedure&apos; when (type = &apos;datasource&apos;) then type||&apos; &apos;||subtype else type end) || &apos; &apos; ||database_name||&apos;.&apos;||&apos;\&quot;&apos;||name||&apos;\&quot;&apos;))as vname from get_elements() join vdb_promotion_automation.bv_audit_table a where last_modification_date &gt;= date_values and flag = &apos;Y&apos;  and (type = &apos;view&apos; or type = &apos;webService&apos; or type = &apos;storedProcedure&apos; or type = &apos;association&apos; or type = &apos;datasource&apos;) and database_name not in (&apos;vdb_promotion_automation&apos;);</value></simple-param><simple-param name="dataSource"><value>vdp_8_source</value></simple-param><simple-param name="type"><value>database</value></simple-param></value></compound-param></value></compound-param><simple-param name="parameterizedQuery"><value>DESC VQL LIST @view (&apos;replaceexistingelements&apos;=&apos;yes&apos;,&apos;includeCreateDatabase&apos;=&apos;yes&apos;, &apos;includedependencies&apos; = &apos;no&apos;)</value></simple-param><simple-param name="sourcesNotChange"><value>true</value></simple-param><simple-param name="exportAsTransaction"><value>false</value></simple-param><compound-param name="processor"><value><compound-param name="exporter"><value><simple-param name="fileName"><value>auto_generated_vql.vql</value></simple-param><simple-param name="encoding"><value>UTF-8</value></simple-param><simple-param name="overwriteFile"><value>false</value></simple-param><simple-param name="appendFile"><value>true</value></simple-param><simple-param name="allowEmptyFile"><value>false</value></simple-param><simple-param name="exportInternalFields"><value>false</value></simple-param><simple-param name="exportOnlyMappings"><value>false</value></simple-param><simple-param name="filter"><value>NONE</value></simple-param><simple-param name="encryptionPassword" encrypted="true"><value>xlYdA0Jo1cgflV4tMQZhpba1BIOJQQu4ryJuoCgBX7e2JQyMCVY7Vrf1+z6JD8dne859kvT/S2w/G+XJ02kqpvLEakMh3npOoPqBSNffHruZXJFxxdD/x2kZf7VQ4RP/</value></simple-param><simple-param name="zipPassword" encrypted="true"><value>OfW9tYyf1YcYdlSaunvfGBiPN6zgRSpjkJ7MhgHdY4irHt1SPJPZT5anpVTTOTev/c7sCBc1AeQnpvwwQ1UX3jutwKYRWo3gyIGDnV4cqWncYZp585EOJd0aha+hXyF9</value></simple-param><simple-param name="separator"><value>\n</value></simple-param><simple-param name="includeHeader"><value>false</value></simple-param><simple-param name="quoteAllFields"><value>false</value></simple-param><simple-param name="quoteFieldsOption"><value>NEVER</value></simple-param><simple-param name="type"><value>CSV</value></simple-param></value></compound-param></value></compound-param><compound-param name="trigger"><value><simple-param name="type"><value>cron</value></simple-param><simple-param name="cronExpression"><value>0 0 0 * * ? 2030</value></simple-param><compound-param name="dependency"><value><simple-param name="jobId"><value>job_export_folders</value></simple-param><simple-param name="executeAnyway"><value>false</value></simple-param></value></compound-param></value></compound-param><compound-param name="reportConfig"><value><simple-param name="maxIndividualReports"><value>100</value></simple-param><simple-param name="reportOnlyErrors"><value>true</value></simple-param></value></compound-param></default-parameters></config>