[ {
  "roleId" : 1,
  "roleName" : "allusers",
  "roleDescription" : "Role granted by default to all new local users and optionally, to all users.",
  "serverId" : 1,
  "deleted" : false,
  "permissions" : null,
  "databasesPermissions" : null,
  "viewsPermissions" : null,
  "webServicesPermissions" : null,
  "externalElementsPermissions" : null
}, {
  "roleId" : 2,
  "roleName" : "assign_all_privileges",
  "roleDescription" : "Grants the privilege of assign all privileges over all metadata elements to all the users and roles",
  "serverId" : 1,
  "deleted" : false,
  "permissions" : null,
  "databasesPermissions" : null,
  "viewsPermissions" : null,
  "webServicesPermissions" : null,
  "externalElementsPermissions" : null
}, {
  "roleId" : 3,
  "roleName" : "assign_all_roles",
  "roleDescription" : "Grants the privilege of assign roles to all users/roles",
  "serverId" : 1,
  "deleted" : false,
  "permissions" : null,
  "databasesPermissions" : null,
  "viewsPermissions" : null,
  "webServicesPermissions" : null,
  "externalElementsPermissions" : null
}, {
  "roleId" : 4,
  "roleName" : "assign_tags",
  "roleDescription" : "Grants the privilege of assigning tags to views. The user needs to have the METADATA privilege on the affected views",
  "serverId" : 1,
  "deleted" : false,
  "permissions" : null,
  "databasesPermissions" : null,
  "viewsPermissions" : null,
  "webServicesPermissions" : null,
  "externalElementsPermissions" : null
}, {
  "roleId" : 5,
  "roleName" : "assign_vdb_admin_privileges",
  "roleDescription" : "Grants the privilege of granting/revoking privileges to other users in databases where the user has admin privileges. It cannot delegate admin",
  "serverId" : 1,
  "deleted" : false,
  "permissions" : null,
  "databasesPermissions" : null,
  "viewsPermissions" : null,
  "webServicesPermissions" : null,
  "externalElementsPermissions" : null
}, {
  "roleId" : 6,
  "roleName" : "assignprivileges",
  "roleDescription" : "Grants the privilege of granting/revoking privileges to other users",
  "serverId" : 1,
  "deleted" : false,
  "permissions" : null,
  "databasesPermissions" : null,
  "viewsPermissions" : null,
  "webServicesPermissions" : null,
  "externalElementsPermissions" : null
}, {
  "roleId" : 7,
  "roleName" : "configure_database",
  "roleDescription" : "Grants the privilege of manage configuration for databases",
  "serverId" : 1,
  "deleted" : false,
  "permissions" : null,
  "databasesPermissions" : null,
  "viewsPermissions" : null,
  "webServicesPermissions" : null,
  "externalElementsPermissions" : null
}, {
  "roleId" : 8,
  "roleName" : "configure_resource_manager",
  "roleDescription" : "Grants the privilege of manage resource manager rules",
  "serverId" : 1,
  "deleted" : false,
  "permissions" : null,
  "databasesPermissions" : null,
  "viewsPermissions" : null,
  "webServicesPermissions" : null,
  "externalElementsPermissions" : null
}, {
  "roleId" : 9,
  "roleName" : "configure_server",
  "roleDescription" : "Grants the privilege of manage all the server configuration except resource manager rules and resources (jars / libraries)",
  "serverId" : 1,
  "deleted" : false,
  "permissions" : null,
  "databasesPermissions" : null,
  "viewsPermissions" : null,
  "webServicesPermissions" : null,
  "externalElementsPermissions" : null
}, {
  "roleId" : 10,
  "roleName" : "create_database",
  "roleDescription" : "Grants the privilege of create/modify databases",
  "serverId" : 1,
  "deleted" : false,
  "permissions" : null,
  "databasesPermissions" : null,
  "viewsPermissions" : null,
  "webServicesPermissions" : null,
  "externalElementsPermissions" : null
}, {
  "roleId" : 11,
  "roleName" : "create_resource",
  "roleDescription" : "Grants the privilege of create/modify server resources",
  "serverId" : 1,
  "deleted" : false,
  "permissions" : null,
  "databasesPermissions" : null,
  "viewsPermissions" : null,
  "webServicesPermissions" : null,
  "externalElementsPermissions" : null
}, {
  "roleId" : 12,
  "roleName" : "create_role",
  "roleDescription" : "Grants the privilege of creating roles",
  "serverId" : 1,
  "deleted" : false,
  "permissions" : null,
  "databasesPermissions" : null,
  "viewsPermissions" : null,
  "webServicesPermissions" : null,
  "externalElementsPermissions" : null
}, {
  "roleId" : 13,
  "roleName" : "create_temporary_table",
  "roleDescription" : "Grants the privilege of creating temporary tables",
  "serverId" : 1,
  "deleted" : false,
  "permissions" : null,
  "databasesPermissions" : null,
  "viewsPermissions" : null,
  "webServicesPermissions" : null,
  "externalElementsPermissions" : null
}, {
  "roleId" : 14,
  "roleName" : "create_user",
  "roleDescription" : "Grants the privilege of creating users",
  "serverId" : 1,
  "deleted" : false,
  "permissions" : null,
  "databasesPermissions" : null,
  "viewsPermissions" : null,
  "webServicesPermissions" : null,
  "externalElementsPermissions" : null
}, {
  "roleId" : 15,
  "roleName" : "data_catalog_admin",
  "roleDescription" : "Grants the privilege of modifying the settings of the Denodo Data Catalog",
  "serverId" : 1,
  "deleted" : false,
  "permissions" : [ {
    "permissionId" : 1,
    "permissionName" : "create_delete_categories"
  }, {
    "permissionId" : 2,
    "permissionName" : "create_delete_tags"
  }, {
    "permissionId" : 3,
    "permissionName" : "create_delete_custom_elements"
  }, {
    "permissionId" : 4,
    "permissionName" : "create_endorsements"
  }, {
    "permissionId" : 5,
    "permissionName" : "create_warnings"
  }, {
    "permissionId" : 6,
    "permissionName" : "create_deprecations"
  }, {
    "permissionId" : 7,
    "permissionName" : "delete_endorsements"
  }, {
    "permissionId" : 8,
    "permissionName" : "delete_warnings"
  }, {
    "permissionId" : 9,
    "permissionName" : "delete_deprecations"
  }, {
    "permissionId" : 10,
    "permissionName" : "edit_elements"
  }, {
    "permissionId" : 11,
    "permissionName" : "edit_categories"
  }, {
    "permissionId" : 12,
    "permissionName" : "edit_tags"
  }, {
    "permissionId" : 13,
    "permissionName" : "edit_custom_elements"
  }, {
    "permissionId" : 14,
    "permissionName" : "edit_endorsements"
  }, {
    "permissionId" : 15,
    "permissionName" : "edit_warnings"
  }, {
    "permissionId" : 16,
    "permissionName" : "edit_deprecations"
  }, {
    "permissionId" : 17,
    "permissionName" : "assign_categories"
  }, {
    "permissionId" : 18,
    "permissionName" : "assign_tags"
  }, {
    "permissionId" : 19,
    "permissionName" : "assign_custom_elements"
  }, {
    "permissionId" : 20,
    "permissionName" : "admin_synchronize"
  }, {
    "permissionId" : 21,
    "permissionName" : "admin_import_export"
  }, {
    "permissionId" : 22,
    "permissionName" : "admin_servers"
  }, {
    "permissionId" : 23,
    "permissionName" : "admin_personalize"
  }, {
    "permissionId" : 24,
    "permissionName" : "admin_content"
  }, {
    "permissionId" : 25,
    "permissionName" : "admin_permissions"
  }, {
    "permissionId" : 26,
    "permissionName" : "vql_shell"
  }, {
    "permissionId" : 27,
    "permissionName" : "create_request_access"
  }, {
    "permissionId" : 28,
    "permissionName" : "admin_request_access"
  }, {
    "permissionId" : 29,
    "permissionName" : "create_request_change"
  }, {
    "permissionId" : 30,
    "permissionName" : "admin_request_change"
  }, {
    "permissionId" : 31,
    "permissionName" : "create_request_data_quality_issue"
  }, {
    "permissionId" : 32,
    "permissionName" : "admin_request_data_quality_issue"
  }, {
    "permissionId" : 33,
    "permissionName" : "create_request_question"
  }, {
    "permissionId" : 34,
    "permissionName" : "admin_request_question"
  }, {
    "permissionId" : 35,
    "permissionName" : "admin_request_configuration"
  }, {
    "permissionId" : 38,
    "permissionName" : "visualize_report"
  }, {
    "permissionId" : 39,
    "permissionName" : "visualize_report_external_data"
  } ],
  "databasesPermissions" : null,
  "viewsPermissions" : null,
  "webServicesPermissions" : null,
  "externalElementsPermissions" : null
}, {
  "roleId" : 16,
  "roleName" : "data_catalog_assisted_query",
  "roleDescription" : "Grants access to the Assisted Query feature in the Data Catalog, also grants the privilege of creating temporary tables",
  "serverId" : 1,
  "deleted" : false,
  "permissions" : null,
  "databasesPermissions" : null,
  "viewsPermissions" : null,
  "webServicesPermissions" : null,
  "externalElementsPermissions" : null
}, {
  "roleId" : 17,
  "roleName" : "data_catalog_classifier",
  "roleDescription" : "Grants the privilege of assigning categories, tags and custom properties groups in the Denodo Data Catalog",
  "serverId" : 1,
  "deleted" : false,
  "permissions" : [ {
    "permissionId" : 17,
    "permissionName" : "assign_categories"
  }, {
    "permissionId" : 18,
    "permissionName" : "assign_tags"
  }, {
    "permissionId" : 19,
    "permissionName" : "assign_custom_elements"
  } ],
  "databasesPermissions" : null,
  "viewsPermissions" : null,
  "webServicesPermissions" : null,
  "externalElementsPermissions" : null
}, {
  "roleId" : 18,
  "roleName" : "data_catalog_content_admin",
  "roleDescription" : "Grants the privilege of modifying the content search and personalization settings of the Denodo Data Catalog",
  "serverId" : 1,
  "deleted" : false,
  "permissions" : [ {
    "permissionId" : 23,
    "permissionName" : "admin_personalize"
  }, {
    "permissionId" : 24,
    "permissionName" : "admin_content"
  } ],
  "databasesPermissions" : null,
  "viewsPermissions" : null,
  "webServicesPermissions" : null,
  "externalElementsPermissions" : null
}, {
  "roleId" : 19,
  "roleName" : "data_catalog_data_preparation",
  "roleDescription" : "Grants access to the Data Preparation feature in the Data Catalog, also grants the privilege of creating temporary tables",
  "serverId" : 1,
  "deleted" : false,
  "permissions" : null,
  "databasesPermissions" : null,
  "viewsPermissions" : null,
  "webServicesPermissions" : null,
  "externalElementsPermissions" : null
}, {
  "roleId" : 20,
  "roleName" : "data_catalog_editor",
  "roleDescription" : "Grants the privilege of editing views, web services, databases, tags, categories and custom properties groups/custom properties in the Denodo Data Catalog",
  "serverId" : 1,
  "deleted" : false,
  "permissions" : [ {
    "permissionId" : 10,
    "permissionName" : "edit_elements"
  }, {
    "permissionId" : 11,
    "permissionName" : "edit_categories"
  }, {
    "permissionId" : 12,
    "permissionName" : "edit_tags"
  }, {
    "permissionId" : 13,
    "permissionName" : "edit_custom_elements"
  }, {
    "permissionId" : 14,
    "permissionName" : "edit_endorsements"
  }, {
    "permissionId" : 15,
    "permissionName" : "edit_warnings"
  }, {
    "permissionId" : 17,
    "permissionName" : "assign_categories"
  }, {
    "permissionId" : 18,
    "permissionName" : "assign_tags"
  }, {
    "permissionId" : 19,
    "permissionName" : "assign_custom_elements"
  } ],
  "databasesPermissions" : null,
  "viewsPermissions" : null,
  "webServicesPermissions" : null,
  "externalElementsPermissions" : null
}, {
  "roleId" : 21,
  "roleName" : "data_catalog_exporter",
  "roleDescription" : "Grants the privilege of exporting the results of a query, from the Denodo Data Catalog",
  "serverId" : 1,
  "deleted" : false,
  "permissions" : null,
  "databasesPermissions" : null,
  "viewsPermissions" : null,
  "webServicesPermissions" : null,
  "externalElementsPermissions" : null
}, {
  "roleId" : 22,
  "roleName" : "data_catalog_manager",
  "roleDescription" : "Grants the privileges of creating/deleting elements and the privileges granted by \"data_catalog_editor\" and \"data_catalog_classifier\" roles in the Denodo Data Catalog",
  "serverId" : 1,
  "deleted" : false,
  "permissions" : [ {
    "permissionId" : 1,
    "permissionName" : "create_delete_categories"
  }, {
    "permissionId" : 2,
    "permissionName" : "create_delete_tags"
  }, {
    "permissionId" : 3,
    "permissionName" : "create_delete_custom_elements"
  }, {
    "permissionId" : 4,
    "permissionName" : "create_endorsements"
  }, {
    "permissionId" : 5,
    "permissionName" : "create_warnings"
  }, {
    "permissionId" : 6,
    "permissionName" : "create_deprecations"
  }, {
    "permissionId" : 7,
    "permissionName" : "delete_endorsements"
  }, {
    "permissionId" : 8,
    "permissionName" : "delete_warnings"
  }, {
    "permissionId" : 9,
    "permissionName" : "delete_deprecations"
  }, {
    "permissionId" : 10,
    "permissionName" : "edit_elements"
  }, {
    "permissionId" : 11,
    "permissionName" : "edit_categories"
  }, {
    "permissionId" : 12,
    "permissionName" : "edit_tags"
  }, {
    "permissionId" : 13,
    "permissionName" : "edit_custom_elements"
  }, {
    "permissionId" : 14,
    "permissionName" : "edit_endorsements"
  }, {
    "permissionId" : 15,
    "permissionName" : "edit_warnings"
  }, {
    "permissionId" : 16,
    "permissionName" : "edit_deprecations"
  }, {
    "permissionId" : 17,
    "permissionName" : "assign_categories"
  }, {
    "permissionId" : 18,
    "permissionName" : "assign_tags"
  }, {
    "permissionId" : 19,
    "permissionName" : "assign_custom_elements"
  } ],
  "databasesPermissions" : null,
  "viewsPermissions" : null,
  "webServicesPermissions" : null,
  "externalElementsPermissions" : null
}, {
  "roleId" : 23,
  "roleName" : "design_studio_allow_login",
  "roleDescription" : "When the property 'com.denodo.vdb.security.designStudio.enableRoleAllowLogin' is enabled, only users with this role can log in to Design Studio",
  "serverId" : 1,
  "deleted" : false,
  "permissions" : [ {
    "permissionId" : 27,
    "permissionName" : "create_request_access"
  }, {
    "permissionId" : 28,
    "permissionName" : "admin_request_access"
  }, {
    "permissionId" : 29,
    "permissionName" : "create_request_change"
  }, {
    "permissionId" : 30,
    "permissionName" : "admin_request_change"
  }, {
    "permissionId" : 31,
    "permissionName" : "create_request_data_quality_issue"
  }, {
    "permissionId" : 32,
    "permissionName" : "admin_request_data_quality_issue"
  }, {
    "permissionId" : 33,
    "permissionName" : "create_request_question"
  }, {
    "permissionId" : 34,
    "permissionName" : "admin_request_question"
  }, {
    "permissionId" : 35,
    "permissionName" : "admin_request_configuration"
  } ],
  "databasesPermissions" : null,
  "viewsPermissions" : null,
  "webServicesPermissions" : null,
  "externalElementsPermissions" : null
}, {
  "roleId" : 24,
  "roleName" : "diagnostic_monitoring_tool_admin",
  "roleDescription" : "Grants the privilege of modifying the global settings of the Diagnostic & Monitoring Tool",
  "serverId" : 1,
  "deleted" : false,
  "permissions" : null,
  "databasesPermissions" : null,
  "viewsPermissions" : null,
  "webServicesPermissions" : null,
  "externalElementsPermissions" : null
}, {
  "roleId" : 25,
  "roleName" : "diagnostic_monitoring_tool_create_diagnostic",
  "roleDescription" : "Role managed by the Diagnostic & Monitoring Tool, which grants the privilege to create a diagnostic.",
  "serverId" : 1,
  "deleted" : false,
  "permissions" : null,
  "databasesPermissions" : null,
  "viewsPermissions" : null,
  "webServicesPermissions" : null,
  "externalElementsPermissions" : null
}, {
  "roleId" : 26,
  "roleName" : "disable_cache_query",
  "roleDescription" : "Allows to users without WRITE privileges on a view, to disable cache in a query using the CONTEXT clause 'cache'='off'",
  "serverId" : 1,
  "deleted" : false,
  "permissions" : null,
  "databasesPermissions" : null,
  "viewsPermissions" : null,
  "webServicesPermissions" : null,
  "externalElementsPermissions" : null
}, {
  "roleId" : 27,
  "roleName" : "drop_database",
  "roleDescription" : "Grants the privilege of drop databases",
  "serverId" : 1,
  "deleted" : false,
  "permissions" : null,
  "databasesPermissions" : null,
  "viewsPermissions" : null,
  "webServicesPermissions" : null,
  "externalElementsPermissions" : null
}, {
  "roleId" : 28,
  "roleName" : "drop_resource",
  "roleDescription" : "Grants the privilege of drop server resources (jars / libraries)",
  "serverId" : 1,
  "deleted" : false,
  "permissions" : null,
  "databasesPermissions" : null,
  "viewsPermissions" : null,
  "webServicesPermissions" : null,
  "externalElementsPermissions" : null
}, {
  "roleId" : 29,
  "roleName" : "drop_role",
  "roleDescription" : "Grants the privilege of deleting roles",
  "serverId" : 1,
  "deleted" : false,
  "permissions" : null,
  "databasesPermissions" : null,
  "viewsPermissions" : null,
  "webServicesPermissions" : null,
  "externalElementsPermissions" : null
}, {
  "roleId" : 30,
  "roleName" : "drop_user",
  "roleDescription" : "Grants the privilege of deleting users",
  "serverId" : 1,
  "deleted" : false,
  "permissions" : null,
  "databasesPermissions" : null,
  "viewsPermissions" : null,
  "webServicesPermissions" : null,
  "externalElementsPermissions" : null
}, {
  "roleId" : 31,
  "roleName" : "impersonator",
  "roleDescription" : "When users with this role publish REST web services, these services can impersonate other users.",
  "serverId" : 1,
  "deleted" : false,
  "permissions" : null,
  "databasesPermissions" : null,
  "viewsPermissions" : null,
  "webServicesPermissions" : null,
  "externalElementsPermissions" : null
}, {
  "roleId" : 32,
  "roleName" : "import_tags",
  "roleDescription" : "Grants the privilege of import tags",
  "serverId" : 1,
  "deleted" : false,
  "permissions" : null,
  "databasesPermissions" : null,
  "viewsPermissions" : null,
  "webServicesPermissions" : null,
  "externalElementsPermissions" : null
}, {
  "roleId" : 33,
  "roleName" : "jmxadmin",
  "roleDescription" : "Grants the privilege of using the Query Monitor of the Administration Tool and connecting to Virtual DataPort via the JMX interface.",
  "serverId" : 1,
  "deleted" : false,
  "permissions" : null,
  "databasesPermissions" : null,
  "viewsPermissions" : null,
  "webServicesPermissions" : null,
  "externalElementsPermissions" : null
}, {
  "roleId" : 34,
  "roleName" : "manage_listeners",
  "roleDescription" : "Grants the privilege of manage listeners (jms + kafka)",
  "serverId" : 1,
  "deleted" : false,
  "permissions" : null,
  "databasesPermissions" : null,
  "viewsPermissions" : null,
  "webServicesPermissions" : null,
  "externalElementsPermissions" : null
}, {
  "roleId" : 35,
  "roleName" : "manage_metadata_tables",
  "roleDescription" : "Grants the privilege of manage metadata tables",
  "serverId" : 1,
  "deleted" : false,
  "permissions" : null,
  "databasesPermissions" : null,
  "viewsPermissions" : null,
  "webServicesPermissions" : null,
  "externalElementsPermissions" : null
}, {
  "roleId" : 36,
  "roleName" : "manage_policies",
  "roleDescription" : "Grants the privilege of manage Global Security Policies",
  "serverId" : 1,
  "deleted" : false,
  "permissions" : null,
  "databasesPermissions" : null,
  "viewsPermissions" : null,
  "webServicesPermissions" : null,
  "externalElementsPermissions" : null
}, {
  "roleId" : 37,
  "roleName" : "manage_summaries",
  "roleDescription" : "Grants the privilege of manage summaries",
  "serverId" : 1,
  "deleted" : false,
  "permissions" : null,
  "databasesPermissions" : null,
  "viewsPermissions" : null,
  "webServicesPermissions" : null,
  "externalElementsPermissions" : null
}, {
  "roleId" : 38,
  "roleName" : "manage_tags",
  "roleDescription" : "Grants the privilege of creating/editing/dropping tags on Virtual DataPort",
  "serverId" : 1,
  "deleted" : false,
  "permissions" : null,
  "databasesPermissions" : null,
  "viewsPermissions" : null,
  "webServicesPermissions" : null,
  "externalElementsPermissions" : null
}, {
  "roleId" : 39,
  "roleName" : "manage_workspaces",
  "roleDescription" : "Grants the privilege of creating/editing/dropping workspaces on Virtual DataPort",
  "serverId" : 1,
  "deleted" : false,
  "permissions" : null,
  "databasesPermissions" : null,
  "viewsPermissions" : null,
  "webServicesPermissions" : null,
  "externalElementsPermissions" : null
}, {
  "roleId" : 40,
  "roleName" : "metadata_export",
  "roleDescription" : "Allows to users with METADATA privilege on elements to get the VQL of the elements without the environment specific properties",
  "serverId" : 1,
  "deleted" : false,
  "permissions" : null,
  "databasesPermissions" : null,
  "viewsPermissions" : null,
  "webServicesPermissions" : null,
  "externalElementsPermissions" : null
}, {
  "roleId" : 41,
  "roleName" : "monitor_admin",
  "roleDescription" : "Grants the privilege of using the Diagnostic and Monitoring tool view JMX interface.",
  "serverId" : 1,
  "deleted" : false,
  "permissions" : null,
  "databasesPermissions" : null,
  "viewsPermissions" : null,
  "webServicesPermissions" : null,
  "externalElementsPermissions" : null
}, {
  "roleId" : 42,
  "roleName" : "platform_owner",
  "roleDescription" : "User that manages and administers the Denodo Platform",
  "serverId" : 1,
  "deleted" : false,
  "permissions" : null,
  "databasesPermissions" : null,
  "viewsPermissions" : null,
  "webServicesPermissions" : null,
  "externalElementsPermissions" : null
}, {
  "roleId" : 43,
  "roleName" : "read_all_privileges",
  "roleDescription" : "Grants the privilege of read all user privileges",
  "serverId" : 1,
  "deleted" : false,
  "permissions" : null,
  "databasesPermissions" : null,
  "viewsPermissions" : null,
  "webServicesPermissions" : null,
  "externalElementsPermissions" : null
}, {
  "roleId" : 44,
  "roleName" : "saas_server_admin",
  "roleDescription" : "Grants administration privileges over the Denodo platform. Having this role is equivalent to being an administrator, except that it does not grant the privilege of connecting via JMX",
  "serverId" : 1,
  "deleted" : false,
  "permissions" : [ {
    "permissionId" : 1,
    "permissionName" : "create_delete_categories"
  }, {
    "permissionId" : 2,
    "permissionName" : "create_delete_tags"
  }, {
    "permissionId" : 3,
    "permissionName" : "create_delete_custom_elements"
  }, {
    "permissionId" : 4,
    "permissionName" : "create_endorsements"
  }, {
    "permissionId" : 5,
    "permissionName" : "create_warnings"
  }, {
    "permissionId" : 6,
    "permissionName" : "create_deprecations"
  }, {
    "permissionId" : 7,
    "permissionName" : "delete_endorsements"
  }, {
    "permissionId" : 8,
    "permissionName" : "delete_warnings"
  }, {
    "permissionId" : 9,
    "permissionName" : "delete_deprecations"
  }, {
    "permissionId" : 10,
    "permissionName" : "edit_elements"
  }, {
    "permissionId" : 11,
    "permissionName" : "edit_categories"
  }, {
    "permissionId" : 12,
    "permissionName" : "edit_tags"
  }, {
    "permissionId" : 13,
    "permissionName" : "edit_custom_elements"
  }, {
    "permissionId" : 14,
    "permissionName" : "edit_endorsements"
  }, {
    "permissionId" : 15,
    "permissionName" : "edit_warnings"
  }, {
    "permissionId" : 16,
    "permissionName" : "edit_deprecations"
  }, {
    "permissionId" : 17,
    "permissionName" : "assign_categories"
  }, {
    "permissionId" : 18,
    "permissionName" : "assign_tags"
  }, {
    "permissionId" : 19,
    "permissionName" : "assign_custom_elements"
  }, {
    "permissionId" : 20,
    "permissionName" : "admin_synchronize"
  }, {
    "permissionId" : 21,
    "permissionName" : "admin_import_export"
  }, {
    "permissionId" : 22,
    "permissionName" : "admin_servers"
  }, {
    "permissionId" : 23,
    "permissionName" : "admin_personalize"
  }, {
    "permissionId" : 24,
    "permissionName" : "admin_content"
  }, {
    "permissionId" : 25,
    "permissionName" : "admin_permissions"
  }, {
    "permissionId" : 26,
    "permissionName" : "vql_shell"
  }, {
    "permissionId" : 27,
    "permissionName" : "create_request_access"
  }, {
    "permissionId" : 28,
    "permissionName" : "admin_request_access"
  }, {
    "permissionId" : 29,
    "permissionName" : "create_request_change"
  }, {
    "permissionId" : 30,
    "permissionName" : "admin_request_change"
  }, {
    "permissionId" : 31,
    "permissionName" : "create_request_data_quality_issue"
  }, {
    "permissionId" : 32,
    "permissionName" : "admin_request_data_quality_issue"
  }, {
    "permissionId" : 33,
    "permissionName" : "create_request_question"
  }, {
    "permissionId" : 34,
    "permissionName" : "admin_request_question"
  }, {
    "permissionId" : 35,
    "permissionName" : "admin_request_configuration"
  }, {
    "permissionId" : 38,
    "permissionName" : "visualize_report"
  }, {
    "permissionId" : 39,
    "permissionName" : "visualize_report_external_data"
  } ],
  "databasesPermissions" : null,
  "viewsPermissions" : null,
  "webServicesPermissions" : null,
  "externalElementsPermissions" : null
}, {
  "roleId" : 45,
  "roleName" : "scheduler_admin",
  "roleDescription" : "Grants the privilege to perform any task on the Scheduler Administration Tool",
  "serverId" : 1,
  "deleted" : false,
  "permissions" : null,
  "databasesPermissions" : null,
  "viewsPermissions" : null,
  "webServicesPermissions" : null,
  "externalElementsPermissions" : null
}, {
  "roleId" : 46,
  "roleName" : "selfserviceadmin",
  "roleDescription" : "Grants the privilege of modifying the settings of the Denodo Data Catalog",
  "serverId" : 1,
  "deleted" : false,
  "permissions" : [ {
    "permissionId" : 1,
    "permissionName" : "create_delete_categories"
  }, {
    "permissionId" : 2,
    "permissionName" : "create_delete_tags"
  }, {
    "permissionId" : 3,
    "permissionName" : "create_delete_custom_elements"
  }, {
    "permissionId" : 4,
    "permissionName" : "create_endorsements"
  }, {
    "permissionId" : 5,
    "permissionName" : "create_warnings"
  }, {
    "permissionId" : 6,
    "permissionName" : "create_deprecations"
  }, {
    "permissionId" : 7,
    "permissionName" : "delete_endorsements"
  }, {
    "permissionId" : 8,
    "permissionName" : "delete_warnings"
  }, {
    "permissionId" : 9,
    "permissionName" : "delete_deprecations"
  }, {
    "permissionId" : 10,
    "permissionName" : "edit_elements"
  }, {
    "permissionId" : 11,
    "permissionName" : "edit_categories"
  }, {
    "permissionId" : 12,
    "permissionName" : "edit_tags"
  }, {
    "permissionId" : 13,
    "permissionName" : "edit_custom_elements"
  }, {
    "permissionId" : 14,
    "permissionName" : "edit_endorsements"
  }, {
    "permissionId" : 15,
    "permissionName" : "edit_warnings"
  }, {
    "permissionId" : 16,
    "permissionName" : "edit_deprecations"
  }, {
    "permissionId" : 17,
    "permissionName" : "assign_categories"
  }, {
    "permissionId" : 18,
    "permissionName" : "assign_tags"
  }, {
    "permissionId" : 19,
    "permissionName" : "assign_custom_elements"
  }, {
    "permissionId" : 20,
    "permissionName" : "admin_synchronize"
  }, {
    "permissionId" : 21,
    "permissionName" : "admin_import_export"
  }, {
    "permissionId" : 22,
    "permissionName" : "admin_servers"
  }, {
    "permissionId" : 23,
    "permissionName" : "admin_personalize"
  }, {
    "permissionId" : 24,
    "permissionName" : "admin_content"
  }, {
    "permissionId" : 25,
    "permissionName" : "admin_permissions"
  }, {
    "permissionId" : 26,
    "permissionName" : "vql_shell"
  }, {
    "permissionId" : 27,
    "permissionName" : "create_request_access"
  }, {
    "permissionId" : 28,
    "permissionName" : "admin_request_access"
  }, {
    "permissionId" : 29,
    "permissionName" : "create_request_change"
  }, {
    "permissionId" : 30,
    "permissionName" : "admin_request_change"
  }, {
    "permissionId" : 31,
    "permissionName" : "create_request_data_quality_issue"
  }, {
    "permissionId" : 32,
    "permissionName" : "admin_request_data_quality_issue"
  }, {
    "permissionId" : 33,
    "permissionName" : "create_request_question"
  }, {
    "permissionId" : 34,
    "permissionName" : "admin_request_question"
  }, {
    "permissionId" : 35,
    "permissionName" : "admin_request_configuration"
  }, {
    "permissionId" : 38,
    "permissionName" : "visualize_report"
  }, {
    "permissionId" : 39,
    "permissionName" : "visualize_report_external_data"
  } ],
  "databasesPermissions" : null,
  "viewsPermissions" : null,
  "webServicesPermissions" : null,
  "externalElementsPermissions" : null
}, {
  "roleId" : 47,
  "roleName" : "selfserviceexporter",
  "roleDescription" : "Grants the privilege of exporting the results of a query, from the Denodo Data Catalog",
  "serverId" : 1,
  "deleted" : false,
  "permissions" : null,
  "databasesPermissions" : null,
  "viewsPermissions" : null,
  "webServicesPermissions" : null,
  "externalElementsPermissions" : null
}, {
  "roleId" : 48,
  "roleName" : "serveradmin",
  "roleDescription" : "Grants administration privileges over the Virtual DataPort server. Having this role is equivalent to being an administrator, except that it does not grant the privilege of connecting via JMX",
  "serverId" : 1,
  "deleted" : false,
  "permissions" : [ {
    "permissionId" : 1,
    "permissionName" : "create_delete_categories"
  }, {
    "permissionId" : 2,
    "permissionName" : "create_delete_tags"
  }, {
    "permissionId" : 3,
    "permissionName" : "create_delete_custom_elements"
  }, {
    "permissionId" : 4,
    "permissionName" : "create_endorsements"
  }, {
    "permissionId" : 5,
    "permissionName" : "create_warnings"
  }, {
    "permissionId" : 6,
    "permissionName" : "create_deprecations"
  }, {
    "permissionId" : 7,
    "permissionName" : "delete_endorsements"
  }, {
    "permissionId" : 8,
    "permissionName" : "delete_warnings"
  }, {
    "permissionId" : 9,
    "permissionName" : "delete_deprecations"
  }, {
    "permissionId" : 10,
    "permissionName" : "edit_elements"
  }, {
    "permissionId" : 11,
    "permissionName" : "edit_categories"
  }, {
    "permissionId" : 12,
    "permissionName" : "edit_tags"
  }, {
    "permissionId" : 13,
    "permissionName" : "edit_custom_elements"
  }, {
    "permissionId" : 14,
    "permissionName" : "edit_endorsements"
  }, {
    "permissionId" : 15,
    "permissionName" : "edit_warnings"
  }, {
    "permissionId" : 16,
    "permissionName" : "edit_deprecations"
  }, {
    "permissionId" : 17,
    "permissionName" : "assign_categories"
  }, {
    "permissionId" : 18,
    "permissionName" : "assign_tags"
  }, {
    "permissionId" : 19,
    "permissionName" : "assign_custom_elements"
  }, {
    "permissionId" : 20,
    "permissionName" : "admin_synchronize"
  }, {
    "permissionId" : 21,
    "permissionName" : "admin_import_export"
  }, {
    "permissionId" : 22,
    "permissionName" : "admin_servers"
  }, {
    "permissionId" : 23,
    "permissionName" : "admin_personalize"
  }, {
    "permissionId" : 24,
    "permissionName" : "admin_content"
  }, {
    "permissionId" : 25,
    "permissionName" : "admin_permissions"
  }, {
    "permissionId" : 26,
    "permissionName" : "vql_shell"
  }, {
    "permissionId" : 27,
    "permissionName" : "create_request_access"
  }, {
    "permissionId" : 28,
    "permissionName" : "admin_request_access"
  }, {
    "permissionId" : 29,
    "permissionName" : "create_request_change"
  }, {
    "permissionId" : 30,
    "permissionName" : "admin_request_change"
  }, {
    "permissionId" : 31,
    "permissionName" : "create_request_data_quality_issue"
  }, {
    "permissionId" : 32,
    "permissionName" : "admin_request_data_quality_issue"
  }, {
    "permissionId" : 33,
    "permissionName" : "create_request_question"
  }, {
    "permissionId" : 34,
    "permissionName" : "admin_request_question"
  }, {
    "permissionId" : 35,
    "permissionName" : "admin_request_configuration"
  }, {
    "permissionId" : 38,
    "permissionName" : "visualize_report"
  }, {
    "permissionId" : 39,
    "permissionName" : "visualize_report_external_data"
  } ],
  "databasesPermissions" : null,
  "viewsPermissions" : null,
  "webServicesPermissions" : null,
  "externalElementsPermissions" : null
}, {
  "roleId" : 49,
  "roleName" : "use_large_language_model",
  "roleDescription" : "Grants the privilege of using the features of Denodo Assistant that invoke a large language model",
  "serverId" : 1,
  "deleted" : false,
  "permissions" : null,
  "databasesPermissions" : null,
  "viewsPermissions" : null,
  "webServicesPermissions" : null,
  "externalElementsPermissions" : null
}, {
  "roleId" : 52,
  "roleName" : "data_product_developer",
  "roleDescription" : "Responsible for the technical implementation of the data product using Denodo. Builds views, integrations, and enforces access and transformation logic.​",
  "serverId" : 1,
  "deleted" : false,
  "permissions" : [ {
    "permissionId" : 4,
    "permissionName" : "create_endorsements"
  }, {
    "permissionId" : 5,
    "permissionName" : "create_warnings"
  }, {
    "permissionId" : 6,
    "permissionName" : "create_deprecations"
  }, {
    "permissionId" : 7,
    "permissionName" : "delete_endorsements"
  }, {
    "permissionId" : 8,
    "permissionName" : "delete_warnings"
  }, {
    "permissionId" : 9,
    "permissionName" : "delete_deprecations"
  }, {
    "permissionId" : 14,
    "permissionName" : "edit_endorsements"
  }, {
    "permissionId" : 15,
    "permissionName" : "edit_warnings"
  }, {
    "permissionId" : 16,
    "permissionName" : "edit_deprecations"
  }, {
    "permissionId" : 20,
    "permissionName" : "admin_synchronize"
  }, {
    "permissionId" : 21,
    "permissionName" : "admin_import_export"
  }, {
    "permissionId" : 23,
    "permissionName" : "admin_personalize"
  }, {
    "permissionId" : 24,
    "permissionName" : "admin_content"
  }, {
    "permissionId" : 25,
    "permissionName" : "admin_permissions"
  }, {
    "permissionId" : 26,
    "permissionName" : "vql_shell"
  }, {
    "permissionId" : 38,
    "permissionName" : "visualize_report"
  }, {
    "permissionId" : 39,
    "permissionName" : "visualize_report_external_data"
  } ],
  "databasesPermissions" : null,
  "viewsPermissions" : null,
  "webServicesPermissions" : null,
  "externalElementsPermissions" : null
}, {
  "roleId" : 53,
  "roleName" : "data_product_owner",
  "roleDescription" : "Sets the vision and roadmap for the data product, ensuring it aligns with business objectives and addresses key challenges. Fosters stakeholder collaboration, ensures the data product is accurate, compliant, secure and accessible to authorized users. Makes critical decisions regarding scope, priorities, and changes, balancing business needs with technical feasibility  \n\nDrives the end-to-end lifecycle of the data product. Acts as a liaison between business and technical teams, ensures alignment with goals, and oversees delivery and monitoring.",
  "serverId" : 1,
  "deleted" : false,
  "permissions" : [ {
    "permissionId" : 1,
    "permissionName" : "create_delete_categories"
  }, {
    "permissionId" : 2,
    "permissionName" : "create_delete_tags"
  }, {
    "permissionId" : 3,
    "permissionName" : "create_delete_custom_elements"
  }, {
    "permissionId" : 4,
    "permissionName" : "create_endorsements"
  }, {
    "permissionId" : 5,
    "permissionName" : "create_warnings"
  }, {
    "permissionId" : 6,
    "permissionName" : "create_deprecations"
  }, {
    "permissionId" : 7,
    "permissionName" : "delete_endorsements"
  }, {
    "permissionId" : 8,
    "permissionName" : "delete_warnings"
  }, {
    "permissionId" : 9,
    "permissionName" : "delete_deprecations"
  }, {
    "permissionId" : 10,
    "permissionName" : "edit_elements"
  }, {
    "permissionId" : 14,
    "permissionName" : "edit_endorsements"
  }, {
    "permissionId" : 15,
    "permissionName" : "edit_warnings"
  }, {
    "permissionId" : 16,
    "permissionName" : "edit_deprecations"
  }, {
    "permissionId" : 20,
    "permissionName" : "admin_synchronize"
  }, {
    "permissionId" : 21,
    "permissionName" : "admin_import_export"
  }, {
    "permissionId" : 23,
    "permissionName" : "admin_personalize"
  }, {
    "permissionId" : 24,
    "permissionName" : "admin_content"
  }, {
    "permissionId" : 25,
    "permissionName" : "admin_permissions"
  }, {
    "permissionId" : 26,
    "permissionName" : "vql_shell"
  }, {
    "permissionId" : 27,
    "permissionName" : "create_request_access"
  }, {
    "permissionId" : 28,
    "permissionName" : "admin_request_access"
  }, {
    "permissionId" : 29,
    "permissionName" : "create_request_change"
  }, {
    "permissionId" : 30,
    "permissionName" : "admin_request_change"
  }, {
    "permissionId" : 31,
    "permissionName" : "create_request_data_quality_issue"
  }, {
    "permissionId" : 32,
    "permissionName" : "admin_request_data_quality_issue"
  }, {
    "permissionId" : 33,
    "permissionName" : "create_request_question"
  }, {
    "permissionId" : 34,
    "permissionName" : "admin_request_question"
  }, {
    "permissionId" : 35,
    "permissionName" : "admin_request_configuration"
  }, {
    "permissionId" : 38,
    "permissionName" : "visualize_report"
  }, {
    "permissionId" : 39,
    "permissionName" : "visualize_report_external_data"
  } ],
  "databasesPermissions" : null,
  "viewsPermissions" : null,
  "webServicesPermissions" : null,
  "externalElementsPermissions" : null
}, {
  "roleId" : 54,
  "roleName" : "business_user",
  "roleDescription" : "Identifies business needs and validates whether the data product meets their goals. Provides requirements and feedback during the discovery and design stages. Helps define acceptance criteria and communicates with stakeholders. Often, a business user assumes the role of Product Owner.",
  "serverId" : 1,
  "deleted" : false,
  "permissions" : [ {
    "permissionId" : 4,
    "permissionName" : "create_endorsements"
  }, {
    "permissionId" : 5,
    "permissionName" : "create_warnings"
  }, {
    "permissionId" : 6,
    "permissionName" : "create_deprecations"
  }, {
    "permissionId" : 7,
    "permissionName" : "delete_endorsements"
  }, {
    "permissionId" : 8,
    "permissionName" : "delete_warnings"
  }, {
    "permissionId" : 9,
    "permissionName" : "delete_deprecations"
  }, {
    "permissionId" : 14,
    "permissionName" : "edit_endorsements"
  }, {
    "permissionId" : 15,
    "permissionName" : "edit_warnings"
  }, {
    "permissionId" : 16,
    "permissionName" : "edit_deprecations"
  }, {
    "permissionId" : 26,
    "permissionName" : "vql_shell"
  }, {
    "permissionId" : 27,
    "permissionName" : "create_request_access"
  }, {
    "permissionId" : 28,
    "permissionName" : "admin_request_access"
  }, {
    "permissionId" : 29,
    "permissionName" : "create_request_change"
  }, {
    "permissionId" : 30,
    "permissionName" : "admin_request_change"
  }, {
    "permissionId" : 31,
    "permissionName" : "create_request_data_quality_issue"
  }, {
    "permissionId" : 32,
    "permissionName" : "admin_request_data_quality_issue"
  }, {
    "permissionId" : 33,
    "permissionName" : "create_request_question"
  }, {
    "permissionId" : 34,
    "permissionName" : "admin_request_question"
  }, {
    "permissionId" : 35,
    "permissionName" : "admin_request_configuration"
  }, {
    "permissionId" : 38,
    "permissionName" : "visualize_report"
  }, {
    "permissionId" : 39,
    "permissionName" : "visualize_report_external_data"
  } ],
  "databasesPermissions" : null,
  "viewsPermissions" : null,
  "webServicesPermissions" : null,
  "externalElementsPermissions" : null
}, {
  "roleId" : 55,
  "roleName" : "data_consumer",
  "roleDescription" : "Uses the data product for reporting, analytics, or decision-making. Their usage and feedback help drive improvements in the product.",
  "serverId" : 1,
  "deleted" : false,
  "permissions" : null,
  "databasesPermissions" : null,
  "viewsPermissions" : null,
  "webServicesPermissions" : null,
  "externalElementsPermissions" : null
}, {
  "roleId" : 56,
  "roleName" : "data_governance_manager",
  "roleDescription" : "Data Governance Manager in the Denodo Data Product Lifecycle plays a crucial role in ensuring data quality, security, compliance, and governance policies are embedded across the lifecycle stages.",
  "serverId" : 1,
  "deleted" : false,
  "permissions" : null,
  "databasesPermissions" : null,
  "viewsPermissions" : null,
  "webServicesPermissions" : null,
  "externalElementsPermissions" : null
} ]