<?xml version="1.0" encoding="UTF-8"?><!DOCTYPE config SYSTEM "custom-config.dtd"><config><element type="dataSource" subType="VDP" draft="false"/><default-parameters><simple-param name="name"><value>vdp_8_source</value></simple-param><simple-param name="login"><value>admin</value></simple-param><simple-param name="password" encrypted="true"><value>vpaAQMSG9GDcm6VZn39VSOv1XLy9buDte3n1Z2zWTCfTQWJJQZ9G/knGbDMSbJvh679mLDv610Br2H8vNVgcx+O8Y5msCj1jtqKVeUGdnbY1GFxP/rESbhbnqUUHmheU</value></simple-param><simple-param name="chunkSize"><value>100</value></simple-param><simple-param name="queryTimeout"><value>0</value></simple-param><simple-param name="chunkTimeout"><value>90000</value></simple-param><simple-param name="poolEnabled"><value>true</value></simple-param><simple-param name="poolInitSize"><value>0</value></simple-param><simple-param name="poolMaxActive"><value>30</value></simple-param><simple-param name="poolMaxWait"><value>-1</value></simple-param><simple-param name="poolMaxIdle"><value>20</value></simple-param><simple-param name="poolMinIdle"><value>0</value></simple-param><simple-param name="poolExhaustedAction"><value>1</value></simple-param><simple-param name="poolTestOnBorrow"><value>true</value></simple-param><simple-param name="poolTestOnReturn"><value>false</value></simple-param><simple-param name="poolTestWhileIdle"><value>false</value></simple-param><simple-param name="poolTimeBetweenEviction"><value>-1</value></simple-param><simple-param name="poolNumTestPerEviction"><value>3</value></simple-param><simple-param name="poolMinEvidectableTime"><value>1800000</value></simple-param><simple-param name="poolPreparedStatements"><value>false</value></simple-param><simple-param name="poolMaxSleepingPreparedStatements"><value>8</value></simple-param><simple-param name="poolInitialCapacityPreparedStatements"><value>4</value></simple-param><simple-param name="poolValidationQuery"><value>select 1 from dual()</value></simple-param><simple-param name="poolMaxWaitValidationQuery"><value>0</value></simple-param><simple-param name="connectionURI"><value>//localhost:49999/admin</value></simple-param><simple-param name="useKerberos"><value>false</value></simple-param></default-parameters></config>